Name_of_the_show,IMDb_rating
Atchoo,
WassUp With You,
Loudermilk,7.7
The 2018 Rose Parade Hosted by Cord & Tish,7.6
The Best of Groucho,
Zoe Coombs Marr: Bossy Bottom,6.6
Kung Fu Bunny,
Simon's Cat- Classic Collection,
LOL: Australia,
Chacha Bhatija,3.2
Curious George,6.5
Shaitaan Haveli,7.2
Cat vs Keet,5.7
Flo and Joan: Alive on Stage,8.3
Aliens Love Underpants And,
Citizen Khan,6.3
Alice Fraser: Savage,7.3
Mini Ninjas,5.9
Random Gappa,
Paprika,8.3
LOL: Last one Laughing,3.5
Celia Pacquola: All Talk,7
Bananas in Pyjamas,4.7
Faireez,4.8
El Juego de las Llaves,6.8
Gattu- The Power Champ,
PAC-MAN and the Ghostly Adventures,4.8
Going Viral Pvt. Ltd.,5.6
Ed Gamble: Blood Sugar,6.9
Dilruk Jayasinha: Bundle of Joy,6.3
Die Trying,7
Raja aur Rancho,
Splitting Up Together,6.9
Yes Minister: Specials,8.6
Paul Chowdhry: Live Innit,6.5
A New Kind Of Magic,
Chris Tall Presents,3
Short Poppies,7.8
Living Biblically,5
Uchimura Summers,
Caligula,5.5
Tom Walker: Very Very,6.7
The Secrets of Borgo Lairci,6.6
Zabaan Sambhalke,7.9
Life Sentence,6.6
Injustice,7.3
The Rook,6.8
Hunter,
Collision,7.5
Presumed Guilty,
Warrior's Way,
Silk Stalkings,6.6
Too Old to Die Young,7.4
Haunted,4.6
Lodge 49,7.7
Black sun,9
Shackleton: Trapped in the South Pole,
A very English Scandal,7.7
The Idolm@aster.kr,7.2
Inside Borussia Dortmund,7.3
Almirante Hotel,5.7
Coloner March of Scotland Yard,7.3
New Worlds,6.4
Missing Evidence,
Deadly Game,
The Commish,7.1
Water Rats,6.9
The Incredible Journey of Mary Bryant,7.4
Dietland,6.5
El Presidente,7.2
American Woman,6.8
Yeh Jo hain Zindagi,8.5
Marvel's Runaways,7
Comicstaan,6.8
Good Omens,8.1
Afsos,7.6
Laakhon Mein Ek,8.3
House,8.7
Chacha Vidhayak Hain Humare,7.7
Malgudi Days Swami & Friends 1,9.5
Pushpavalli,7.5
The American Playboy: The Hugh Hefner Story,7.5
Vella Raja,7.2
Gangstars,6.8
Chernobyl: Aftermath,5.7
Shaktimaan,8.2
Dispatches from Elsewhere,6.8
The Looming Tower,8
Siyaasat,7.4
Mafia Undercover,
The Baker and The Beauty,8
Pretty Little Liars: The Perfectionists,7.1
Happy Marriage!?,6.4
You are Wanted,6
H.G. Wells: The Invisible Man,
Marvel's Cloak & Dagger,6.7
The Trial: A Murder in the Family,7.1
Lifeline,6.2
MAGI The Tensho Boys' Embassy,6.5
Stingray,7.4
The Buccaneers,7.5
Hitler's Eastern Front,
Full Disclosure,
Junior G,
U.S Bounty Hunters,6.5
Legacy,
The Adventures of Robin Hood,7.7
Caribbean Thunder,
The New Adventures of Flash Gordon,7
Renegade,6
Strike Force,7.8
The Harbor: Aberdeen,
Cocomong,3.9
Tucker's Witch,7.3
Vancy Derringer,8
Shark Man,
Bhoot and Friends,
The Greatest American Hero,7.3
Space Precinct: Complete Series,
Which Way To,
Mind the Malhotras,6.5
Selfie with Bajrangi,3
Classic Popeye,
Inspector Chingum,
Eeena Meena Deeka,4.9
Tropical Heat,7.8
Tobot,6.3
T-Buster,
The Lost World,7.2
Extrano Enemigo,8.1
The Cecil B. DeMille Classics Collection,
When We Go to War,6.7
Peter Gunn,8
Alone Together,6.6
Booker,6.2
Casanova: PBS Masterpiece Theatre- The Complet...,
Mr. Lucky,7.9
The Lives of the Saints,
Neon Rider,6.2
The Ray Bradbury Theatre,7.5
Silver and Gold,6.4
Black Harbour,7.9
Family Pictures,6.1
To the Ends of the Earth (BBC Series),7.3
The Red Line,5.5
Your brush with Nature,7.6
Super Wings,6.1
Lockout,7.1
Journey with Dylan Dreyer,7.9
Vir the Robot Boy,2.8
Forensic Files,8.8
Highway on my Plate,
Gina Brillon: The Floor is Lava,6.1
